calJac_ISG20_XM_002749142	calJac
carSyr_ISG20_XM_008070608	carSyr
carSyr_ISG20_XM_021718841	carSyr
cebCapImi_ISG20_XM_017506122	cebCap
cebCapImi_ISG20_XM_017506123	cebCap
chlAet_ISG20_AY968222	chlAet
chlSab_ISG20_XM_007990327	chlSab
chlSab_ISG20_XM_007990328	chlSab
chlSab_ISG20_XM_007990329	chlSab
colAngPal_ISG20_XM_011948329	colAng
colAngPal_ISG20_XM_011948330	colAng
colAngPal_ISG20_XM_011948331	colAng
gorGorGor_ISG20_XM_004056724	gorGor
gorGorGor_ISG20_XM_004056725	gorGor
gorGorGor_ISG20_XM_004056726	gorGor
gorGorGor_ISG20_XM_019011143	gorGor
gorGorGor_ISG20_XM_019011144	gorGor
homSap_HEM45_U88964	homSap
homSap_ISG20_AK122793	homSap
homSap_ISG20_AK307769	homSap
homSap_ISG20_BC007922	homSap
homSap_ISG20_BC016341	homSap
homSap_ISG20_BC094819	homSap
homSap_ISG20_CCDS10345	homSap
homSap_ISG20_CR456942	homSap
homSap_ISG20_NM_001303233	homSap
homSap_ISG20_NM_001303234	homSap
homSap_ISG20_NM_002201	homSap
homSap_ISG20_NR_130134	homSap
homSap_ISG20_XM_005254899	homSap
homSap_ISG20_XM_006720488	homSap
homSap_ISG20_XM_011521521	homSap
homSap_isg20_X89773	homSap
macFas_ISG20_XM_005560453	macFas
macFas_ISG20_XM_005560454	macFas
macFas_ISG20_XM_005560455	macFas
macMul_ISG20_NM_001258053	macMul
macMul_ISG20_XM_015142943	macMul
macNem_ISG20_XM_011752295	macNem
macNem_ISG20_XM_011752296	macNem
macNem_ISG20_XM_011752297	macNem
macNem_ISG20_XM_011752298	macNem
manLeu_ISG20_XM_011986297	manLeu
manLeu_ISG20_XM_011986299	manLeu
manLeu_ISG20_XM_011986300	manLeu
manLeu_ISG20_XM_011986301	manLeu
micMur_ISG20_XM_012788871	micMur
nomLeu_ISG20_XM_030814972	nomLeu
nomLeu_ISG20_XM_030814973	nomLeu
nomLeu_ISG20_XM_030814974	nomLeu
nomLeu_ISG20_XM_030814975	nomLeu
nomLeu_ISG20_XM_030814977	nomLeu
otoGar_ISG20_XM_003788659	otoGar
panPan_ISG20_XM_014341573	panPan
panPan_ISG20_XM_014341574	panPan
panTro_ISG20_XM_016927378	panTro
panTro_ISG20_XM_016927379	panTro
panTro_ISG20_XM_016927380	panTro
panTro_ISG20_XM_016927381	panTro
papAnu_ISG20_XM_003901350	papAnu
pilTep_ISG20_XM_023187233	pilTep
ponAbe_ISG20_XM_002825792	ponAbe
ponAbe_ISG20_XM_024232591	ponAbe
ponAbe_ISG20_XM_024232592	ponAbe
rhiBie_ISG20_XM_017882051	rhiBie
rhiBie_ISG20_XM_017882052	rhiBie
rhiBie_ISG20_XM_017882053	rhiBie
rhiBie_ISG20_XM_017882054	rhiBie
rhiRox_ISG20_XM_010362302	rhiRox
rhiRox_ISG20_XM_010362303	rhiRox
rhiRox_ISG20_XM_030930682	rhiRox
saiBolBol_ISG20_XM_003921639	saiBol
theGel_ISG20_XM_025391985	theGel
theGel_ISG20_XM_025391986	theGel
theGel_ISG20_XM_025391987	theGel
